total_paid,avg_paid,median_paid,max_paid,min_paid,std_paid,total_claims,avg_claims,total_bene,p25_paid,p75_paid,p95_paid,p99_paid
546651084303.50104,4814.740271048959,616.32,118887675.31,-168836.99,90537.94896599154,9404719267.0,82.83397196664984,5657339392.0,88.14,1953.6,11578.47899999991,65914.39359999985
