year,total_paid,total_claims,providers,codes
2018,54206303379.56068,1065019474.0,303532,7089
2019,63641924168.43092,1201895674.0,307709,7321
2020,65884053576.13364,1150220779.0,320563,7441
2021,81339878691.16353,1452091331.0,337803,7619
2022,89610095164.01944,1540303562.0,335852,7646
2023,99106708803.58026,1605824723.0,339648,7786
2024,92862120520.72366,1389363724.0,320720,7510
