,cost_per_claim,cost_per_beneficiary
count,113536983.0,113536983.0
mean,51.1200075463253,92.87447929949188
std,199.74604322141792,459.46148183821305
min,-1643.6325,-3169.5652173913045
1%,0.0,0.0
5%,0.0,0.0
25%,3.032777777777778,3.6008261642374686
50%,20.3208,24.67
75%,57.445,71.615
95%,161.09307692307692,274.6537386363626
99%,439.55067523809487,1232.789642932987
max,139995.0,215314.04863636364
