billing_type,row_count,total_paid,total_claims,total_bene,avg_cost_per_claim
Same,34865685,335406448851.69006,5065657622.0,2805425929.0,63.48651214614981
Third-Party,78671298,211244635451.9427,4339061645.0,2851913463.0,45.639398164122134
