metric,value
provider_gini,0.9245296516628378
procedure_gini,0.9711517370644556
top10_provider_share,3.429215139871358
top100_provider_share,10.478936867840535
