,TOTAL_PAID,TOTAL_CLAIMS,TOTAL_UNIQUE_BENEFICIARIES,cost_per_claim,cost_per_beneficiary
TOTAL_PAID,1.0,0.7477966382268476,0.19301147880529676,0.13659495972626862,0.23993558360800843
TOTAL_CLAIMS,0.7477966382268476,1.0,0.5147020484562554,0.002899115081206592,0.07163645456475977
TOTAL_UNIQUE_BENEFICIARIES,0.19301147880529676,0.5147020484562554,1.0,-0.002303071113751226,0.0012857723072599162
cost_per_claim,0.13659495972626862,0.002899115081206592,-0.002303071113751226,1.0,0.6196929862214461
cost_per_beneficiary,0.23993558360800843,0.07163645456475977,0.0012857723072599162,0.6196929862214461,1.0
