,TOTAL_PAID,TOTAL_CLAIMS,TOTAL_UNIQUE_BENEFICIARIES,cost_per_claim,cost_per_beneficiary
TOTAL_PAID,1.0,0.36153965575541597,0.28583420740958637,0.9058286518308971,0.9277886546935871
TOTAL_CLAIMS,0.36153965575541597,1.0,0.8700700883662738,0.025114956234873875,0.10573600496341705
TOTAL_UNIQUE_BENEFICIARIES,0.28583420740958637,0.8700700883662738,1.0,-0.0065791862595333496,-0.004400418841044198
cost_per_claim,0.9058286518308971,0.025114956234873875,-0.0065791862595333496,1.0,0.9759407030649515
cost_per_beneficiary,0.9277886546935871,0.10573600496341705,-0.004400418841044198,0.9759407030649515,1.0
