metric,value
top_1pct_share,51.76293339301853
top_5pct_share,78.64093250439322
top_20pct_share,95.58623394500297
power_law_exponent,-2.190793429308382
