metric,n,skewness,kurtosis,p_normal,is_normal,log_skewness
TOTAL_PAID,113536983,370.695800659818,286593.77910970687,0.0,False,-0.19875485783782812
TOTAL_CLAIMS,113536983,375.9687643830412,275177.8874244852,0.0,False,1.6440761606636973
cost_per_claim,113536983,87.52094196750384,30922.33059033162,0.0,False,-0.22309235756775891
cost_per_beneficiary,113536983,36.230340061403396,4788.20704726735,0.0,False,0.02060028284901158
