year,total_paid,total_claims,paid_yoy_change,claims_yoy_change
2018,54206303379.55965,1065019474.0,,
2019,63641924168.42964,1201895674.0,17.406870051256853,12.851990347737052
2020,65884053576.12992,1150220779.0,3.5230383697488987,-4.299449288141788
2021,81339878691.16002,1452091331.0,23.459128994196867,26.244574738290318
2022,89610095164.0202,1540303562.0,10.167480706802422,6.074840412362459
2023,99106708803.58017,1605824723.0,10.597705115899704,4.2537823463138835
2024,92862120520.7202,1389363724.0,-6.300873430512288,-13.47974009240609
