cohort,provider_count,total_paid,avg_paid,avg_active_months,pct_providers,pct_spending
<6mo,58907,1350368400.02,22923.734021763117,3.0884444972583904,11.25474544179657,0.24709396153406554
6-12mo,44912,2816287869.81,62706.80151874777,6.204199323120769,8.58086691364299,0.5153317617335987
1-2yr,69187,10269783307.15,148435.15844233742,10.464668218017836,13.218837708278802,1.8791919608178973
2-4yr,107542,31123893743.32,289411.52055308624,20.19265031336594,20.54692709358288,5.695131938283176
4yr+,242849,500939626304.91,2062761.7420903936,51.14887028565075,46.39862284269876,91.66325037763127
