size_bucket,record_count,total_paid,avg_paid,total_claims,total_bene,pct_records,pct_spending
1. Micro (<$100),29499955,521259307.1600841,17.669833976359765,1305531250.0,990297811.0,25.982683545501644,0.09535503031593455
2. Small ($100-$1K),38869126,17946880245.080856,461.72585010223423,1426242042.0,1161747502.0,34.23477088518373,3.2830594798771937
3. Medium ($1K-$10K),38687721,113768411611.77116,2940.6852787159823,2635195441.0,1938043968.0,34.07499475303127,20.811888035803467
4. Large ($10K-$100K),5755608,157502314128.0295,27365.017584246445,2018525231.0,1048816805.0,5.0693684541538335,28.812220198680734
5. Very Large ($100K-$1M),690638,162047376348.04016,234634.31833759532,1351238760.0,436906327.0,0.6082934227695658,29.643657718977757
6. Mega (>$1M),33935,94864842663.51973,2795486.7441732646,667986543.0,81526979.0,0.029888939359961682,17.35381953634492
