cluster,count,avg_paid,avg_claims,avg_cpc,avg_codes,pct
0,109795,77596.81100423516,3317.5114531627123,29.05269896884617,8.333539778678446,21.787229482757937
1,92472,10053.314460593476,103.01372307293019,112.26085815471649,1.5376978977420193,18.349730722980027
2,35218,5938201.712958146,133920.1072462945,55.06679351340937,46.675875972514056,6.988502645145672
3,75195,1455781.5160724784,8418.45917946672,306.7102539730948,2.986794334729703,14.921359997777522
4,121111,16968.7076381171,500.56353262709416,36.22888562188393,3.3515287628704247,24.03272598830818
5,70151,3086511.4744897434,50967.67914926373,51.36030405649773,24.078915482316717,13.920451163030666
