risk_tier,providers,total_paid,pct_providers,pct_spending
Clean,209610,11547750620.95,35.906325961125034,2.1124536203309883
Low,243752,171414033567.09,41.75487221829182,31.357119465968132
Medium,100444,219551772723.45,17.206120914265746,40.16305446519795
High,29963,144137527392.11002,5.132680906317396,26.36737244850294
