cluster,count,avg_paid,avg_claims,avg_cpc,avg_codes,pct
0,11782,348360.72632150736,8196.328212527584,50.070162348269626,37.50704464437277,6.101754604022953
1,56244,2974.3119770997796,54.04658274660408,64.97827626070628,1.3078906194438518,29.128084022124167
2,17381,249514.32710776135,2192.28594442207,142.95001543240411,2.9760082849088083,9.001408654941685
3,55483,5825.440594416307,213.62029810933078,32.23734781391784,3.332966854712254,28.73397137115986
4,19750,44703.61707037975,169.15296202531647,445.01922941389785,1.4569113924050634,10.228284962608496
5,32452,31836.386002711697,937.6012264267225,39.19591716398813,9.42946505608283,16.806496385142832
