risk_tier,providers,total_paid,pct_providers,pct_spending
Clean,195485,3408615808.7,72.92910225034322,31.343223288492844
Low,46513,2736693092.93,17.3524891064287,25.164696609353342
Medium,17855,2313022080.16,6.661120396346923,21.268917237498428
High,8195,2416797518.32,3.0572882468811553,22.22316286465539
