cluster,count,avg_paid,avg_claims,avg_cpc,avg_codes,pct
0,85891,2713857.85636062,15967.39887764725,287.83556673887693,3.1862360433572783,15.857463573860322
1,129933,26104.488758821855,688.459321342538,39.73280564028958,3.4264428590119524,23.988634601324854
2,116688,112529.1861073975,5315.655294460442,26.955851891911305,8.432246674893733,21.543301504309103
3,38255,11114641.466221932,249595.26822637563,55.52510778164841,48.582616651418114,7.0627570876812085
4,93026,11102.870713348957,113.17936920860835,108.99873450032123,1.6687592716014878,17.17474946643921
5,77851,5365341.9110886175,91318.10927284171,48.37136009763718,24.968349796405956,14.373093766385301
