risk_tier,providers,total_paid,pct_providers,pct_spending
Clean,603244,1091115263979.04,97.69086142091618,99.77618391386724
Low,14259,2447569533.37,2.309138579083826,0.22381608613276124
