total_paid,avg_paid,median_paid,max_paid,min_paid,std_paid,total_claims,avg_claims,total_bene,p25_paid,p75_paid,p95_paid,p99_paid
10875128500.11001,4785.615117044866,616.435,102046918.74,-11518.42,104450.57730910239,188670949.0,83.0249082272883,113038596.0,88.0,1949.2,11538.536499999924,65178.02430000044
