year,total_paid,total_claims,providers,codes
2018,1101036842.3800042,21486415.0,88071,3954
2019,1262566517.7599976,24074581.0,91960,4108
2020,1314892724.799991,23013747.0,89553,4065
2021,1592187420.0299969,28604167.0,103410,4257
2022,1967410651.2500072,33131153.0,104942,4332
2023,1901810523.7400014,31138500.0,106512,4394
2024,1735223820.1499996,27222386.0,96444,4180
