,cost_per_claim,cost_per_beneficiary
count,2272462.0,2272462.0
mean,51.12003678741733,92.62929145003821
std,191.04808431215292,447.36260375174834
min,-152.332,-333.748
1%,0.0,0.0
5%,0.0,0.0
25%,3.0361217948717947,3.599766885425212
50%,20.310000000000002,24.666887464387464
75%,57.41225,71.5671218487395
95%,161.293770588234,274.88515599999937
99%,442.0633365497078,1221.3018193181829
max,36936.933333333334,76715.16923076923
