billing_type,row_count,total_paid,total_claims,total_bene,avg_cost_per_claim
Third-Party,15734434,42130682644.10633,866494292.0,570091049.0,45.62466434629088
Same,6969121,66720856336.78882,1013747141.0,561562856.0,63.43335699547332
