,TOTAL_PAID,TOTAL_CLAIMS,TOTAL_UNIQUE_BENEFICIARIES,cost_per_claim,cost_per_beneficiary
TOTAL_PAID,1.0,0.36159164009765044,0.28590097625251853,0.9058129149596338,0.9277863556913024
TOTAL_CLAIMS,0.36159164009765044,1.0,0.870094048236311,0.02512136887188613,0.10573966658014758
TOTAL_UNIQUE_BENEFICIARIES,0.28590097625251853,0.870094048236311,1.0,-0.006575595691513247,-0.0043296290389145215
cost_per_claim,0.9058129149596338,0.02512136887188613,-0.006575595691513247,1.0,0.975951790147328
cost_per_beneficiary,0.9277863556913024,0.10573966658014758,-0.0043296290389145215,0.975951790147328,1.0
