,TOTAL_PAID,TOTAL_CLAIMS,TOTAL_UNIQUE_BENEFICIARIES,cost_per_claim,cost_per_beneficiary
TOTAL_PAID,1.0,0.7881016607722644,0.19081771841513548,0.12925072698568468,0.23045087444798884
TOTAL_CLAIMS,0.7881016607722644,1.0,0.4921241947855888,0.002713470841898087,0.06792174428781556
TOTAL_UNIQUE_BENEFICIARIES,0.19081771841513548,0.4921241947855888,1.0,-0.00244261345332694,0.0011258369569529562
cost_per_claim,0.12925072698568468,0.002713470841898087,-0.00244261345332694,1.0,0.612793976310628
cost_per_beneficiary,0.23045087444798884,0.06792174428781556,0.0011258369569529562,0.612793976310628,1.0
