metric,value
top_1pct_share,44.735626085692694
top_5pct_share,71.19445402300123
top_20pct_share,91.55591066268323
power_law_exponent,-1.6857906330948622
