metric,n,skewness,kurtosis,p_normal,is_normal,log_skewness
TOTAL_PAID,22703555,454.53547267857607,398752.41918820306,0.0,False,-0.199023641410368
TOTAL_CLAIMS,22703555,440.8728556548443,343981.7084942438,0.0,False,1.643964717864896
cost_per_claim,22703555,71.98098836074406,21161.584551745385,0.0,False,-0.22309932331169807
cost_per_beneficiary,22703555,32.32496137206626,3361.060574886243,0.0,False,0.021122621541532067
