year,total_paid,total_claims,paid_yoy_change,claims_yoy_change
2018,10841862711.080002,212909354.0,,
2019,12686814736.84,241017498.0,17.016928501359118,13.201930057051413
2020,13434531143.47,232542992.0,5.893649605040574,-3.5161372391310786
2021,16196930458.020039,291010316.0,20.561933163501077,25.14258696731657
2022,18150247326.090008,310839335.0,12.059796596229555,6.813854323982116
2023,19783313541.209984,319629431.0,8.997487393863391,2.827858321084098
2024,17757839064.180023,272292507.0,-10.238297405592645,-14.809939075979518
