cohort,provider_count,total_paid,avg_paid,avg_active_months,pct_providers,pct_spending
<6mo,38571,620229682.9,16080.20748489798,2.5242280469783,9.66236460013828,0.5717688790052823
6-12mo,32275,902940391.78,27976.46450131681,3.961146398140976,8.085162880647715,0.832390370616751
1-2yr,53001,2658590627.55,50161.14087564386,5.98849078319277,13.277202721524695,2.4508652596900946
2-4yr,88528,8463601108.74,95603.66334651184,11.080595969636725,22.177019349279036,7.802309131135804
4yr+,186813,95830231330.62,512974.10421448183,30.6016016016016,46.79825044841027,88.34266635955207
