size_bucket,record_count,total_paid,avg_paid,total_claims,total_bene,pct_records,pct_spending
1. Micro (<$100),5898336,104283413.12999873,17.680141166932287,260095055.0,197658110.0,25.979790389654834,0.09580334288916784
2. Small ($100-$1K),7773611,3587727724.749906,461.52653184599876,285138467.0,232263717.0,34.2396201828304,3.295982544977845
3. Medium ($1K-$10K),7735065,22753927562.22051,2941.659515753327,526672549.0,387432215.0,34.06984060425779,20.903634229935037
4. Large ($10K-$100K),1151503,31502384214.44002,27357.622354818028,405133043.0,210536496.0,5.071906139809382,28.940687940085475
5. Very Large ($100K-$1M),138304,32430756867.890057,234488.92922757156,270179295.0,88031525.0,0.6091733210944277,29.793567616516153
6. Mega (>$1M),6736,18472459198.460026,2742348.4558283887,133023024.0,15731842.0,0.029669362353164516,16.970324325596323
