cluster,count,avg_paid,avg_claims,avg_cpc,avg_codes,pct
0,97068,7834.071881567561,274.91731569621294,31.923810305559865,3.1698500020604112,24.56242456141239
1,46125,877508.9348058536,14744.416021680217,54.644533811476535,23.429853658536587,11.671630536275048
2,26522,1479995.2392847447,33742.35743910716,53.965316848116345,41.70877007767137,6.71121918879321
3,54934,447656.681883715,2697.2642807732914,344.9419332604777,2.5863217679397095,13.90069055565818
4,85646,6906.002646241505,78.02505662844733,107.565753278853,1.361382901711697,21.672161927584018
5,84894,37115.65723019295,1289.3189742502416,33.82806135351134,7.877529625179636,21.48187323027716
