risk_tier,providers,total_paid,pct_providers,pct_spending
Clean,236925,8527333053.17,49.40208722124337,7.833911337410729
Low,158084,35405664521.52,32.96266563799952,32.52656310880072
Medium,62938,37263183096.35,13.123429631869222,34.233032849349
High,21638,27655358309.85,4.5118175088878925,25.40649270443956
