total_paid,avg_paid,median_paid,max_paid,min_paid,std_paid,total_claims,avg_claims,total_bene,p25_paid,p75_paid,p95_paid,p99_paid
108851538980.88113,4794.471129339927,616.08,108654424.08,-113088.78,92865.1681600587,1880241433.0,82.81704926827538,1131653905.0,88.17,1954.295,11585.393000000007,65927.79480000034
