year,total_paid,total_claims,providers,codes
2018,10841862711.07994,212909354.0,229030,6006
2019,12686814736.83999,241017498.0,234687,6218
2020,13434531143.469952,232542992.0,237227,6266
2021,16196930458.019829,291010316.0,259502,6508
2022,18150247326.0898,310839335.0,259707,6520
2023,19783313541.209637,319629431.0,263030,6680
2024,17757839064.179592,272292507.0,244692,6409
