,cost_per_claim,cost_per_beneficiary
count,22703555.0,22703555.0
mean,51.09125025867082,92.92469118655428
std,195.5562615294977,457.06190980726336
min,-796.34,-1018.8178378378378
1%,0.0,0.0
5%,0.0,0.0
25%,3.0332934002869436,3.6026829268292686
50%,20.32,24.663999999999998
75%,57.45111735330836,71.62175444596443
95%,161.14885480769232,274.7655059523812
99%,439.6011298245636,1233.3180905228767
max,122760.0,153465.38833333334
