billing_type,row_count,total_paid,total_claims,total_bene,avg_cost_per_claim
Third-Party,15734434,42130682644.09694,866494292.0,570091049.0,45.624664346290814
Same,6969121,66720856336.791565,1013747141.0,561562856.0,63.43335699547413
