metric,value
provider_gini,0.9112144112703509
procedure_gini,0.9667024154932777
top10_provider_share,3.5548663180860816
top100_provider_share,10.546151539084228
