metric,value
top_1pct_share,48.87284425224429
top_5pct_share,75.84349950987959
top_20pct_share,94.2275923115103
power_law_exponent,-1.966607275775678
