year,total_paid,total_claims,paid_yoy_change,claims_yoy_change
2018,10841862711.080017,212909354.0,,
2019,12686814736.839998,241017498.0,17.01692850135892,13.201930057051413
2020,13434531143.469988,232542992.0,5.893649605040485,-3.5161372391310786
2021,16196930458.020006,291010316.0,20.561933163500946,25.14258696731657
2022,18150247326.090023,310839335.0,12.059796596229866,6.813854323982116
2023,19783313541.210052,319629431.0,8.997487393863679,2.827858321084098
2024,17757839064.18002,272292507.0,-10.238297405592977,-14.809939075979518
