total_paid,avg_paid,median_paid,max_paid,min_paid,std_paid,total_claims,avg_claims,total_bene,p25_paid,p75_paid,p95_paid,p99_paid
1093562833513.2349,4815.688955357829,616.39,118887675.31,-183021.84,91195.11944331396,18825564012.0,82.90155619107645,11317957847.0,88.16,1953.71,11582.42,65896.17400000006
