year,total_paid,total_claims,providers,codes
2018,108665749473.40926,2134440682.0,324530,7423
2019,126906196081.6454,2399510857.0,327544,7708
2020,132090231525.71547,2304162672.0,344308,7829
2021,162557947277.99326,2904564764.0,358721,7997
2022,179564958890.95374,3087694102.0,356207,8029
2023,198794983193.286,3218558672.0,359687,8160
2024,184982767069.4939,2776632263.0,340163,7886
