,cost_per_claim,cost_per_beneficiary
count,227083361.0,227083361.0
mean,51.10294729666534,92.86375275383493
std,198.239964883661,458.78529586437514
min,-1643.6325,-3169.5652173913045
1%,0.0,0.0
5%,0.0,0.0
25%,3.0349999999999997,3.603
50%,20.325714285714284,24.673636363636366
75%,57.452,71.61157894736841
95%,161.08,274.7
99%,439.148706554623,1232.59751754386
max,163200.0,288058.0
