billing_type,row_count,total_paid,total_claims,total_bene,avg_cost_per_claim
Third-Party,157351874,422499047845.035,8679824631.0,5704735144.0,45.637129853210254
Same,69731487,671063785667.2372,10145739381.0,5613222703.0,63.43678176190699
