metric,value
provider_gini,0.9283110826987007
procedure_gini,0.9726464932157013
top10_provider_share,3.3848800667876695
top100_provider_share,10.463001139413866
