,TOTAL_PAID,TOTAL_CLAIMS,TOTAL_UNIQUE_BENEFICIARIES,cost_per_claim,cost_per_beneficiary
TOTAL_PAID,1.0,0.36167907671242977,0.28595212435015865,0.905802107219003,0.927772187327366
TOTAL_CLAIMS,0.36167907671242977,1.0,0.8700694590974354,0.025201341854967283,0.10583121777167218
TOTAL_UNIQUE_BENEFICIARIES,0.28595212435015865,0.8700694590974354,1.0,-0.006510372098899036,-0.004321839324591218
cost_per_claim,0.905802107219003,0.025201341854967283,-0.006510372098899036,1.0,0.9759353570908672
cost_per_beneficiary,0.927772187327366,0.10583121777167218,-0.004321839324591218,0.9759353570908672,1.0
