,TOTAL_PAID,TOTAL_CLAIMS,TOTAL_UNIQUE_BENEFICIARIES,cost_per_claim,cost_per_beneficiary
TOTAL_PAID,1.0,0.7470577199627287,0.19342250654352852,0.13465822570070127,0.23811804237250422
TOTAL_CLAIMS,0.7470577199627287,1.0,0.5088717540178141,0.0028608029014775033,0.07061239357124928
TOTAL_UNIQUE_BENEFICIARIES,0.19342250654352852,0.5088717540178141,1.0,-0.002331939610298078,0.001291210099055095
cost_per_claim,0.13465822570070127,0.0028608029014775033,-0.002331939610298078,1.0,0.6170061327149791
cost_per_beneficiary,0.23811804237250422,0.07061239357124928,0.001291210099055095,0.6170061327149791,1.0
