metric,value
top_1pct_share,52.62406491371275
top_5pct_share,79.4862454761514
top_20pct_share,95.96767603490439
power_law_exponent,-2.2827258425166055
