metric,n,skewness,kurtosis,p_normal,is_normal,log_skewness
TOTAL_PAID,227083361,393.9906388177882,322966.8488532684,0.0,False,-0.19880901252480027
TOTAL_CLAIMS,227083361,404.9270403741125,320418.1473576757,0.0,False,1.6445637285571424
cost_per_claim,227083361,82.0532951153299,27942.171286443896,0.0,False,-0.2233521438045469
cost_per_beneficiary,227083361,36.05719601164683,5036.712207535369,0.0,False,0.020589655080815825
