year,total_paid,total_claims,paid_yoy_change,claims_yoy_change
2018,108665749473.39072,2134440682.0,,
2019,126906196081.62886,2399510857.0,16.78582874239021,12.41871827291192
2020,132090231525.699,2304162672.0,4.084934860655398,-3.973650909802906
2021,162557947277.98975,2904564764.0,23.065835679425728,26.057278823931917
2022,179564958890.94922,3087694102.0,10.462122521685057,6.3048805201301406
2023,198794983193.2791,3218558672.0,10.709229919412277,4.238262135981508
2024,184982767069.46875,2776632263.0,-6.9479701660184245,-13.730568681085709
