cohort,provider_count,total_paid,avg_paid,avg_active_months,pct_providers,pct_spending
<6mo,66901,2175463122.42,32517.647306019342,3.4379755160610452,11.879382565446607,0.1989558783793477
6-12mo,49235,5244080563.09,106511.23312866864,7.554869503402052,8.742491152744558,0.4795947327119092
1-2yr,73739,19458433501.3,263882.52486879396,13.127463079238938,13.093582920934924,1.779561183657634
2-4yr,113655,58505319023.66,514762.3863768422,25.038159341867935,20.181331003659647,5.350574328866512
4yr+,259639,1008056686634.4,3882531.8485836103,60.09908372779128,46.10321235721426,92.1913138763846
