size_bucket,record_count,total_paid,avg_paid,total_claims,total_bene,pct_records,pct_spending
1. Micro (<$100),58995252,1042470735.4602184,17.670417535638602,2608935145.0,1979410258.0,25.979557348545672,0.09532792296094293
2. Small ($100-$1K),77744359,35897469964.35218,461.7372942048719,2852732818.0,2323343516.0,34.23604382885631,3.282616129980673
3. Medium ($1K-$10K),77378867,227557337271.09326,2940.820227712733,5272099461.0,3876987124.0,34.07509324296112,20.8088031430441
4. Large ($10K-$100K),11516441,315065747732.6279,27357.909247538188,4043275633.0,2100282069.0,5.071459639000147,28.810941454609285
5. Very Large ($100K-$1M),1380526,324089879610.6607,234758.25852657662,2705109369.0,873352961.0,0.6079379809778314,29.636146152637306
6. Mega (>$1M),67916,189909928198.2194,2796247.249517336,1343411586.0,164581919.0,0.029907959658920142,17.366165196767692
