billing_type,row_count,total_paid,total_claims,total_bene,avg_cost_per_claim
Same,697910,6725535772.770008,102756960.0,56245186.0,63.5939270104296
Third-Party,1574552,4149592727.340029,85913989.0,56793410.0,45.59106554636405
