metric,value
provider_gini,0.8869373099743589
procedure_gini,0.9562947224066738
top10_provider_share,5.332323095254779
top100_provider_share,13.761248555222707
