,TOTAL_PAID,TOTAL_CLAIMS,TOTAL_UNIQUE_BENEFICIARIES,cost_per_claim,cost_per_beneficiary
TOTAL_PAID,1.0,0.36169528269749374,0.2860501813512891,0.9059699055689153,0.9278843082346055
TOTAL_CLAIMS,0.36169528269749374,1.0,0.8703230215971792,0.025428614872562334,0.10585548978443685
TOTAL_UNIQUE_BENEFICIARIES,0.2860501813512891,0.8703230215971792,1.0,-0.006455730522634942,-0.004071353055481351
cost_per_claim,0.9059699055689153,0.025428614872562334,-0.006455730522634942,1.0,0.976059922342554
cost_per_beneficiary,0.9278843082346055,0.10585548978443685,-0.004071353055481351,0.976059922342554,1.0
