,TOTAL_PAID,TOTAL_CLAIMS,TOTAL_UNIQUE_BENEFICIARIES,cost_per_claim,cost_per_beneficiary
TOTAL_PAID,1.0,0.8359334210936976,0.20348236280095036,0.11737045414846138,0.2076689049350939
TOTAL_CLAIMS,0.8359334210936976,1.0,0.46675652381839194,0.002257155972893689,0.05885534211810073
TOTAL_UNIQUE_BENEFICIARIES,0.20348236280095036,0.46675652381839194,1.0,-0.0026857087192320305,0.0012504713969765384
cost_per_claim,0.11737045414846138,0.002257155972893689,-0.0026857087192320305,1.0,0.6110475175457041
cost_per_beneficiary,0.2076689049350939,0.05885534211810073,0.0012504713969765384,0.6110475175457041,1.0
