metric,value
top_1pct_share,44.73562608569269
top_5pct_share,71.19445402300121
top_20pct_share,91.55591066268322
power_law_exponent,-1.6857906330948622
