metric,n,skewness,kurtosis,p_normal,is_normal,log_skewness
TOTAL_PAID,2272462,503.4545769935912,426580.8562287201,0.0,False,-0.20290275516165684
TOTAL_CLAIMS,2272462,503.67613518621937,407564.03251905984,0.0,False,1.6446503168250344
cost_per_claim,2272462,42.64010558396557,3650.5343700393337,0.0,False,-0.2225887030527133
cost_per_beneficiary,2272462,25.23651508024349,1280.625154291341,0.0,False,0.019674382266759972
