year,total_paid,total_claims,paid_yoy_change,claims_yoy_change
2018,1101036842.38,21486415.0,,
2019,1262566517.7600005,24074581.0,14.670687588513198,12.045592529046845
2020,1314892724.8,23013747.0,4.1444317035141065,-4.406448444523292
2021,1592187420.03,28604167.0,21.088769448639066,24.291654896527714
2022,1967410651.2500002,33131153.0,23.566524047334212,15.826316494376492
2023,1901810523.7399995,31138500.0,-3.334338332890563,-6.014439038689656
2024,1735223820.1500006,27222386.0,-8.759374370397232,-12.576437529103845
