cohort,provider_count,total_paid,avg_paid,avg_active_months,pct_providers,pct_spending
<6mo,14863,266904600.15,17957.6532429523,2.1640987687546254,8.814650954530089,2.7308161015735766
6-12mo,13617,315570006.59,23174.708569435265,2.591686862010722,8.075698179898824,3.228732868168408
1-2yr,24908,631028366.86,25334.365138108238,3.240605427974948,14.771938772484388,6.456323434674852
2-4yr,45900,1869929596.28,40739.20689063181,5.05322440087146,27.2214545389848,19.132056350698313
4yr+,69329,6690370946.08,96501.76615961574,14.866275296052157,41.1162575541019,68.45207124488486
