size_bucket,record_count,total_paid,avg_paid,total_claims,total_bene,pct_records,pct_spending
1. Micro (<$100),590586,10430678.649999583,17.661574520898874,26036303.0,19680493.0,25.98881741476865,0.09591315311716994
2. Small ($100-$1K),778573,359834196.130001,462.1714291787681,28503842.0,23263664.0,34.26121096854425,3.3087810974036596
3. Medium ($1K-$10K),773861,2275059820.5100145,2939.881736526346,52646401.0,38688011.0,34.05385876639521,20.919843112538693
4. Large ($10K-$100K),115184,3149185031.390074,27340.472907609335,40035714.0,20891399.0,5.068687617218682,28.95768111023417
5. Very Large ($100K-$1M),13617,3181285903.5900083,233626.04858559216,26976105.0,8999971.0,0.5992179407180406,29.252858056415626
6. Mega (>$1M),641,1899332869.839999,2963077.8000624008,14472584.0,1515058.0,0.028207292355163692,17.46492347029068
