cluster,count,avg_paid,avg_claims,avg_cpc,avg_codes,pct
0,20047,45782.19050431486,177.79363495784906,440.54496608397,1.467052426797027,10.38209765293228
1,12190,339333.22058654635,7982.972928630024,49.89466096960938,36.793273174733386,6.313052845275827
2,17007,254284.51978126654,2249.4138295995767,142.09786115768588,3.040218733462692,8.807718600459886
3,55587,5710.8368420673905,208.91382877291454,32.222492742123755,3.2591972943314085,28.787831707165495
4,55312,2970.0862586780445,52.81629664448944,66.10262438783774,1.296391379809083,28.64541254945829
5,32949,29959.37653434095,900.3745181947859,38.696781489719214,9.238429087377462,17.063886644708223
