risk_tier,providers,total_paid,pct_providers,pct_spending
Clean,236925,8527333053.17,49.40208722124337,7.833911337410729
Low,158084,35405664521.52,32.96266563799952,32.526563108800715
Medium,62939,37267265060.4,13.123638145479946,34.23678287813887
High,21637,27651276345.8,4.511608995277166,25.402742675649687
